Carlos;calor@gmail.com;12345;usuario;calor123
Margarida;margarida@gmail.com;321321;usuario;margarida123
Caio;caio@gmail.com;789456;usuario;caio123
Jose;jose22@gmail.com;65478;admin;jose321
Andre;andre@oi.com;12354;usuario;andre111
Giovane;gio@hotmail.com;11244;usuario;gio321
Clara;clara@gmail.com;174174;admin;clara
